[{"title":"Hello World","date":"2018-12-14T14:47:25.532Z","path":"2018/12/14/hello-world/","tags":[]},{"title":"hello, five","date":"2018-12-14T14:41:37.000Z","path":"2018/12/14/hello-five/","tags":[]},{"title":"hello, four","date":"2018-12-14T14:41:30.000Z","path":"2018/12/14/hello-four/","tags":[]},{"title":"hello, three","date":"2018-12-14T14:41:20.000Z","path":"2018/12/14/hello-three/","tags":[]},{"title":"hello, two","date":"2018-12-14T14:41:15.000Z","path":"2018/12/14/hello-two/","tags":[]},{"title":"你好，hello","date":"2018-12-10T14:32:52.000Z","path":"2018/12/10/你好，hello/","tags":[]},{"title":"git简教","date":"2017-09-08T12:43:37.000Z","path":"2017/09/08/hello-one/","tags":[{"name":"git","slug":"git","permalink":"https://yxhsea.github.io/tags/git/"}]}]