[{"title":"最痛苦的委屈，都是说不出来的","date":"2018-12-15T10:53:13.000Z","path":"2018/12/15/最痛苦的委屈，都是说不出来的/","tags":[{"name":"一禅小和尚","slug":"一禅小和尚","permalink":"https://yxhsea.github.io/tags/一禅小和尚/"}]},{"title":"大多人的念旧，只是舍不得，过去的那个自己","date":"2018-12-15T10:42:27.000Z","path":"2018/12/15/大多人的念旧，只是舍不得，过去的那个自己/","tags":[{"name":"一禅小和尚","slug":"一禅小和尚","permalink":"https://yxhsea.github.io/tags/一禅小和尚/"}]},{"title":"大人的世界里，没有容易","date":"2018-12-15T10:27:37.000Z","path":"2018/12/15/大人的世界里，没有容易/","tags":[{"name":"一禅小和尚","slug":"一禅小和尚","permalink":"https://yxhsea.github.io/tags/一禅小和尚/"}]},{"title":"Hello World","date":"2018-12-15T02:29:24.835Z","path":"2018/12/15/hello-world/","tags":[]},{"title":"hello, five","date":"2018-12-14T14:41:37.000Z","path":"2018/12/14/hello-five/","tags":[]},{"title":"hello, four","date":"2018-12-14T14:41:30.000Z","path":"2018/12/14/hello-four/","tags":[]},{"title":"hello, three","date":"2018-12-14T14:41:20.000Z","path":"2018/12/14/hello-three/","tags":[]},{"title":"hello, two","date":"2018-12-14T14:41:15.000Z","path":"2018/12/14/hello-two/","tags":[]},{"title":"你好，hello","date":"2018-12-10T14:32:52.000Z","path":"2018/12/10/你好，hello/","tags":[]},{"title":"git简教","date":"2017-09-08T12:43:37.000Z","path":"2017/09/08/hello-one/","tags":[{"name":"git","slug":"git","permalink":"https://yxhsea.github.io/tags/git/"}]}]